aLigo,
X,Y
0.09741296836578972,304.0226798961765
0.30034551736679393,4.290210806524138
0.5027902306348191,26.23030972952338
0.7016453584446183,40.44246393116167
0.9036425595167499,0.648583374498911
